date,bucket,security,ytm,segment,coupon,tenor_years,bucket_years
2026-09-09,1Y-2Y,7.38% GS 2027,5.825,GSEC,7.38,0.8054794520547945,1.5
2026-09-09,4Y-5Y,6.36% GS 2031,6.5012,GSEC,6.36,4.808219178082192,4.5
2026-09-09,9Y-10Y,6.94% GS 2036,6.9551,GSEC,6.94,9.813698630136987,9.5
2026-09-09,13Y-15Y,7.06% GS 2041,7.1084,GSEC,7.06,14.816438356164383,14.0
2026-09-09,28Y-30Y,7.24% GS 2055,7.5748,GSEC,7.24,28.824657534246576,29.0
2026-09-09,5Y,7.09% MAHARSHTRA SGS 2031,7.09,SDL,7.09,4.808219178082192,5.0
2026-09-09,10Y,7.63% GOA SGS 2036,7.63,SDL,7.63,9.813698630136987,10.0
2026-09-09,15Y,7.72% JHARKHAND SGS 2042,7.72,SDL,7.72,15.816438356164383,15.0
2026-09-09,91D,91 DTB (10/12/2026),5.2089,TBILL,,0.25205479452054796,0.25
2026-09-09,182D,182 DTB (11/03/2027),5.6174,TBILL,,0.5013698630136987,0.5
2026-09-09,364D,364 DTB (09/09/2027),5.9148,TBILL,,1.0,1.0
